<?xml version="1.0" encoding="UTF-8"?>
<task xmlns="urn:proforma:v2.1" xmlns:c="codeharbor" uuid="e9c562d8-43fc-4714-9848-6a21e38ef468" lang="ja">
  <title>haha world  123456</title>
  <description>domo arigato12345aaaaaaa</description>
  <internal-description>Weit hinten, hinter den Wortbergen, fern der Länder Vokalien und Konsonantien leben die Blindtexte. Abgeschieden wohnen sie in Buchstabhausen an der Küste des Semantik, eines großen Sprachozeans. Ein kleines Bächlein namens Duden fließt durch ihren Ort und versorgt sie mit den nötigen Regelialien. Es ist ein paradiesmatisches Land, in dem einem gebratene Satzteile in den Mund fliegen. Nicht einmal von der allmächtigen Interpunktion werden die Blindtexte beherrscht – ein geradezu unorthographisches Leben. Eines Tages aber beschloß eine kleine Zeile Blindtext, ihr Name war Lorem Ipsum, hinaus zu gehen in die weite Grammatik. Der große Oxmox riet ihr davon ab, da</internal-description>
  <proglang version="8">Java</proglang>
  <files>
    <file id="776" used-by-grader="false" visible="delayed" usage-by-lms="display">
      <embedded-txt-file filename="main.java">public class HelloWorld{ public static void main String[] args) { } }</embedded-txt-file>
      <internal-description>Reference Implementation</internal-description>
    </file>
  </files>
  <model-solutions>
    <model-solution id="ms-776">
      <filerefs>
        <fileref refid="776"/>
      </filerefs>
    </model-solution>
  </model-solutions>
  <tests>
  </tests>
  <meta-data>
    <c:checksum>5b8a888825ea0fe89ff26c28ae0cc92d</c:checksum>
  </meta-data>
</task>
